{"cameraMode":{"drawMode":0,"name":"Shaded","section":"Shading Mode"},"sceneLighting":true,"audioPlay":false,"sceneViewState":{"showFog":true,"showMaterialUpdate":false,"showSkybox":true,"showFlares":true,"showImageEffects":true,"showParticleSystems":true},"in2DMode":false,"pivot":{"x":-11.98973560333252,"y":-16.89215087890625,"z":-45.39933776855469},"rotation":{"x":-0.10407383739948273,"y":0.7921518087387085,"z":-0.5846549272537231,"w":-0.14105315506458283},"size":68.59852600097656,"orthographic":false}