{"cameraMode":{"drawMode":0,"name":"Shaded","section":"Shading Mode"},"sceneLighting":true,"audioPlay":false,"sceneViewState":{"showFog":true,"showMaterialUpdate":false,"showSkybox":true,"showFlares":true,"showImageEffects":true,"showParticleSystems":true},"in2DMode":false,"pivot":{"x":-13.70009708404541,"y":-14.161602020263672,"z":-65.04722595214844},"rotation":{"x":-0.04586551710963249,"y":0.9079472422599793,"z":-0.40362775325775149,"w":-0.10322899371385575},"size":52.445716857910159,"orthographic":false}