{"cameraMode":{"drawMode":0,"name":"Shaded","section":"Shading Mode"},"sceneLighting":true,"audioPlay":false,"sceneViewState":{"showFog":true,"showMaterialUpdate":false,"showSkybox":true,"showFlares":true,"showImageEffects":true,"showParticleSystems":true},"in2DMode":false,"pivot":{"x":-6.9999799728393559,"y":0.7329846024513245,"z":-87.30333709716797},"rotation":{"x":-0.03844476118683815,"y":0.9599037170410156,"z":-0.22304467856884004,"w":-0.1654656082391739},"size":21.814233779907228,"orthographic":false}